SPBC1348.15	304	693	-1
SPBC1348.01	5451	6318	1
SPBC1348.02	7980	9014	1
SPBC1348.03	10569	11009	1
SPBC1348.04	12176	12613	1
SPBC1348.05	13572	15029	1
SPBC1348.06c	15981	16592	-1
SPBC1348.07	19641	20383	1
SPBC1348.08c	22279	23529	-1
SPBC1348.09	24916	25626	1
SPBC1348.10c	26287	28372	-1
SPBC1348.12	35112	36589	1
SPBC1348.14c	38587	40143	-1
SPBPB8B6.02c	44810	46831	-1
SPBPB8B6.03	47428	49071	1
SPBPB8B6.04c	49143	51181	-1
SPBPB8B6.05c	54497	55567	-1
SPBPB8B6.06c	55850	56785	-1
SPBPB21E7.01c	58324	59646	-1
SPBPB21E7.02c	60553	61205	-1
SPBPB21E7.10	61496	61855	1
SPBPB21E7.11	62256	62956	-1
SPBPB21E7.04c	64669	65514	-1
SPBPB21E7.05	66842	67225	1
SPBPB21E7.07	70204	71094	1
SPBPB21E7.09	76318	77400	1
SPBPB10D8.01	81295	82953	1
SPBPB10D8.02c	83767	85431	-1
SPBPB10D8.04c	91724	92863	-1
SPBPB10D8.05c	94483	95622	-1
SPBPB10D8.06c	97242	98381	-1
SPBPB10D8.07c	100001	101140	-1
SPBC359.01	105128	106873	1
SPBC359.02	107759	108871	1
SPBC359.03c	111309	113048	-1
SPBC359.04c	118252	119328	-1
SPBC359.05	122747	127144	1
SPBC359.06	128825	129598	1
SPBC1683.01	134303	136024	1
SPBC1683.02	137044	138063	1
SPBC1683.03c	138525	140084	-1
SPBC1683.04	142412	144910	1
SPBC1683.05	148750	150429	1
SPBC1683.07	153562	155301	1
SPBC1683.06c	151814	152746	-1
SPBC1683.08	157555	159228	1
SPBC1683.09c	160461	162155	-1
SPBC1683.10c	164430	165158	-1
SPBC1683.11c	166792	168348	-1
SPBC1683.12	168671	170119	1
SPBC1683.13c	170167	172157	-1
SPBC1198.01	172991	174262	1
SPBC1198.02	174842	175945	1
SPBC1198.03c	176297	177046	-1
SPBC1198.04c	177556	180608	-1
SPBC1198.05	181695	182303	1
SPBC1198.06c	182825	184225	-1
SPBC1198.07c	185289	186675	-1
SPBC1198.08	187424	188979	1
SPBC1198.10c	190207	191676	-1
SPBC1198.09	189665	190205	1
SPBC1198.11c	191936	193542	-1
SPBC1198.13c	195990	197075	-1
SPBC1198.12	194678	195989	1
SPBC1198.14c	198099	199142	-1
SPBC660.05	202536	202967	1
SPBC660.06	204649	205470	1
SPBC660.07	207078	209285	1
SPBC660.08	209802	211172	1
SPBC660.09	211511	211858	1
SPBC660.10	212375	214899	1
SPBC660.11	215144	216496	1
SPBC660.12c	217001	218179	-1
SPBC660.13c	219362	221260	-1
SPBC660.14	221699	223512	1
SPBC660.15	224329	226239	1
SPBC660.16	230368	233061	1
SPBC660.17c	233634	234248	-1
SPBC31E1.01c	234503	239513	-1
SPBC31E1.02c	240370	243069	-1
SPBC31E1.03	244611	244951	-1
SPBC31E1.04	245718	246639	1
SPBC31E1.05	247261	248753	1
SPBC31E1.06	249087	252499	1
SPBC800.02	253148	253984	1
SPBC800.03	254822	256885	1
SPBC800.04c	259577	259961	-1
SPBC800.05c	260725	262074	-1
SPBC800.06	262763	263650	1
SPBC800.07c	263915	264814	-1
SPBC800.08	265374	266898	1
SPBC800.09	267490	268954	1
SPBC800.14c	269707	270189	-1
SPBC800.10c	270987	274337	-1
SPBC800.11	275907	277076	1
SPBC800.12c	278247	278758	-1
SPBC800.13	279664	281103	1
SPBC1773.01	281629	283548	1
SPBC1773.02c	283938	284525	-1
SPBC1773.03c	286039	287418	-1
SPBC1773.04	289625	290635	1
SPBC1773.05c	290876	291958	-1
SPBC1773.06c	293466	294506	-1
SPBC1773.07c	296236	297153	-1
SPBC1773.08c	297771	299093	-1
SPBC1773.09c	299347	301214	-1
SPBC1773.10c	301982	303688	-1
SPBC1773.11c	305301	306491	-1
SPBC1773.12	308160	309944	1
SPBC1773.13	310702	312147	1
SPBC1773.14	313297	314682	1
SPBC1773.15	315962	317455	1
SPBC1773.16c	318693	320480	-1
SPBC1773.17c	321662	322684	-1
SPBP26C9.02c	324191	325162	-1
SPBP26C9.03c	327992	329746	-1
SPBC1271.15c	334388	336448	1
SPBC1271.14	336801	338138	-1
SPBC1271.13	340970	341656	-1
SPBC1271.12	342409	344256	-1
SPBC1271.11	345364	346438	-1
SPBC1271.10c	348314	350059	1
SPBC1271.09	350692	352369	-1
SPBC1271.08c	356910	357332	1
SPBC1271.07c	358855	359346	1
SPBC1271.06c	359903	360343	1
SPBC1271.05c	363442	364089	1
SPBC1271.04c	365415	366654	1
SPBC1271.03c	367594	368328	1
SPBC1271.02	368558	370875	-1
SPBC1271.01c	372359	373549	1
SPBC106.01	373889	375925	1
SPBC106.02c	376462	376836	-1
SPBC106.03	378627	379700	1
SPBC106.04	380390	382948	1
SPBC106.05c	383527	383960	-1
SPBC106.06	384321	385904	1
SPBC106.07c	386506	387009	-1
SPBC106.08c	387841	388731	-1
SPBC106.09	390989	395365	1
SPBC106.10	396992	398530	1
SPBC106.11c	399368	400684	-1
SPBC106.12c	401165	402349	-1
SPBC106.13	402696	404022	1
SPBC106.14c	404262	406421	-1
SPBC106.15	406868	407677	1
SPBC106.16	409496	410453	1
SPBC106.17c	411120	412634	-1
SPBC106.18	413556	414221	1
SPBC106.19	415111	416658	1
SPBC106.20	417319	419476	1
SPBC582.03	421123	422571	1
SPBC582.04c	423269	425446	-1
SPBC582.05c	426160	429013	-1
SPBC582.06c	429183	430166	-1
SPBC582.07c	430551	431780	-1
SPBC582.08	432550	434311	1
SPBC582.09	434873	435973	1
SPBC582.10c	436233	438777	-1
SPBC428.01c	439274	442032	-1
SPBC428.02c	442631	443914	-1
SPBC428.03c	445417	446808	-1
SPBC428.04	448934	449281	1
SPBC428.05c	449771	451003	-1
SPBC428.06c	451989	453039	-1
SPBC428.08c	456575	458047	-1
SPBC428.07	454230	456312	1
SPBC428.10	461024	463561	1
SPBC428.11	465633	466922	1
SPBC428.12c	468134	468829	-1
SPBC428.14	470652	471704	1
SPBC428.13c	469388	470125	-1
SPBC428.15	472210	473439	1
SPBC428.16c	473827	474497	-1
SPBC428.17c	474627	476520	-1
SPBC428.18	477365	478699	1
SPBC428.19c	479203	480896	-1
SPBC428.20c	481076	483706	-1
SPBC902.02c	483949	486960	-1
SPBC902.03	488230	488772	1
SPBC902.04	489882	491833	1
SPBC902.05c	492162	493655	-1
SPBC902.06	494742	495935	1
SPBC1685.01	496813	497649	1
SPBC1685.02c	498487	498990	-1
SPBC1685.03	499374	500161	1
SPBC1685.16	501305	501862	1
SPBC1685.04	502873	503850	1
SPBC1685.05	505923	508916	1
SPBC1685.06	509502	510984	1
SPBC1685.07c	511204	512466	-1
SPBC1685.08	514216	515704	1
SPBC1685.09	516442	516735	1
SPBC1685.10	517344	517837	1
SPBC1685.11	518372	519463	1
SPBC1685.17	522740	522985	1
SPBC1685.13	526091	526642	1
SPBC1685.14c	529453	531979	-1
SPBC1685.15c	532697	535091	-1
SPBC649.02	535383	535987	1
SPBC649.03	536985	537854	1
SPBC649.04	539418	539960	1
SPBC649.05	541283	542971	1
SPBC354.01	543421	544725	1
SPBC354.02c	545071	546966	-1
SPBC354.03	548670	549812	1
SPBC354.04	550296	550787	1
SPBC354.05c	551743	554124	-1
SPBC354.06	555893	556878	1
SPBC354.07c	558335	560292	-1
SPBC354.08c	561504	564137	-1
SPBC354.09c	565310	567694	-1
SPBC354.10	571061	573952	1
SPBC354.12	578731	579738	1
SPBC354.13	581247	583448	1
SPBC354.14c	583794	585909	-1
SPBC354.15	586543	587781	1
SPBC1706.01	588729	591194	1
SPBC1706.03	594472	596748	1
SPBC839.02	597611	599125	1
SPBC839.03c	599428	600183	-1
SPBC839.04	601281	602042	1
SPBC839.20	603314	603556	1
SPBC839.05c	603704	604377	-1
SPBC839.19	604418	604920	-1
SPBC839.06	608171	611284	1
SPBC839.07	612670	613086	1
SPBC839.08c	613507	616466	-1
SPBC839.09c	617679	618138	-1
SPBC839.10	618354	620539	1
SPBC839.11c	620635	621603	-1
SPBC839.12	622332	622964	1
SPBC839.13c	623400	624039	-1
SPBC839.14c	624426	625197	-1
SPBC839.15c	626106	627488	-1
SPBC839.16	628030	631171	1
SPBC839.17c	631842	632642	-1
SPBC115.03	634344	635450	-1
SPBC115.02c	637654	639018	1
SPBC115.01c	639374	640137	1
SPBC947.15c	641686	643341	1
SPBC947.14c	644291	644669	1
SPBC947.13	645220	646578	-1
SPBC947.12	647507	648989	-1
SPBC947.11c	649980	652833	1
SPBC947.10	653091	655246	-1
SPBC947.09	656323	657108	-1
SPBC947.08c	659085	660101	1
SPBC947.07	660384	661085	-1
SPBC947.06c	662940	664436	1
SPBC947.05c	667125	668819	1
SPBC947.04	669740	672661	-1
SPBC947.03c	676629	677127	1
SPBC947.02	677583	679634	-1
SPBC947.01	680549	682626	-1
SPBPJ4664.01	684143	685360	1
SPBPJ4664.02	687716	699631	1
SPBPJ4664.03	700364	700556	1
SPBPJ4664.04	701890	705513	1
SPBPJ4664.05	705932	706666	1
SPBPJ4664.06	707588	711934	1
SPBC119.01	712512	714095	1
SPBC119.02	715333	716226	1
SPBC119.03	717966	718766	1
SPBC119.04	719806	720252	1
SPBC119.05c	721453	722343	-1
SPBC119.06	723759	724550	1
SPBC119.07	725343	730646	1
SPBC119.08	730860	732583	1
SPBC119.09c	733675	734235	-1
SPBC119.10	735416	737089	1
SPBC119.11c	737704	738795	-1
SPBC119.12	740275	741480	1
SPBC119.13c	741963	743519	-1
SPBC119.18	744069	744340	1
SPBC119.16c	749245	750591	-1
SPBC119.14	746035	747556	1
SPBC119.15	747852	749085	1
SPBC119.17	750786	753815	1
SPBC577.03c	755560	756283	-1
SPBC577.02	754652	755184	1
SPBC577.04	756660	757345	1
SPBC577.05c	757566	758197	-1
SPBC577.06c	758408	764229	-1
SPBC577.07	764596	766253	1
SPBC577.08c	766554	767478	-1
SPBC577.09	767782	769281	1
SPBC577.10	769682	770470	1
SPBC577.11	771318	772347	1
SPBC577.12	773480	775395	1
SPBC577.13	775773	778582	1
SPBC577.14c	779188	779869	-1
SPBC577.15c	781072	782262	-1
SPBC530.01	785113	786657	1
SPBC530.02	787678	789303	1
SPBC530.16	789840	790240	-1
SPBC530.03c	791259	791879	-1
SPBC530.04	793261	795057	1
SPBC530.05	796583	798871	1
SPBC530.06c	799142	802851	-1
SPBC530.07c	804365	805093	-1
SPBC530.08	806834	809281	1
SPBC530.09c	809525	810499	-1
SPBC530.10c	811413	812381	-1
SPBC530.11c	814819	817469	-1
SPBC530.12c	821281	823149	-1
SPBC530.13	824374	825747	1
SPBC530.14c	826179	827813	-1
SPBC530.15c	829091	830641	-1
SPBC36.01c	833162	834904	-1
SPBC36.02c	837552	839285	-1
SPBC36.03c	843508	845124	-1
SPBC36.04	847985	849185	1
SPBC36.05c	849509	851358	-1
SPBC36.06c	852025	853237	-1
SPBC36.08c	857531	858219	-1
SPBC36.07	853631	857392	1
SPBC36.09	858488	860073	1
SPBC36.10	861231	861785	1
SPBC36.11	863274	864305	1
SPBC36.12c	864756	865994	-1
SPBC713.02c	866540	870082	-1
SPBC713.03	871546	873173	1
SPBC713.04c	873358	875922	-1
SPBC713.05	876350	877371	1
SPBC713.06	877504	879828	1
SPBC713.07c	879919	881652	-1
SPBC713.08	882460	882675	1
SPBC713.09	884959	886187	1
SPBC713.10	886616	887067	1
SPBC713.11c	887999	888542	-1
SPBC713.14c	890116	890343	-1
SPBC713.13	890220	890546	-1
SPBC713.12	892679	894052	1
SPBC216.01c	894565	897133	-1
SPBC216.02	898075	900981	1
SPBC216.03	901942	902685	1
SPBC216.04c	903156	903572	-1
SPBC216.05	904365	911525	1
SPBC216.06c	911603	914593	-1
SPBC216.07c	915271	922284	-1
SPBC646.02	922725	926579	1
SPBC646.03	926850	928358	1
SPBC646.04	928989	930812	1
SPBC646.05c	931060	932442	-1
SPBC646.06c	932781	934082	-1
SPBC646.07c	934716	935603	-1
SPBC646.08c	936541	938091	-1
SPBC646.09c	938700	940261	-1
SPBC646.10c	940825	942318	-1
SPBC646.12c	945102	947402	-1
SPBC646.11	942942	944773	1
SPBC646.13	950881	952107	1
SPBC646.14c	952816	954276	-1
SPBC646.15c	955201	956488	-1
SPBC646.16	957658	958392	1
SPBC646.17c	958669	960389	-1
SPBP35G2.16c	962261	962515	-1
SPBP35G2.17	963955	964275	-1
SPBP35G2.02	966711	967334	1
SPBP35G2.03c	967746	968767	-1
SPBP35G2.04c	969008	970034	-1
SPBP35G2.05c	970957	972448	-1
SPBP35G2.06c	973049	976632	-1
SPBP35G2.07	977109	979118	1
SPBP35G2.08c	979529	980580	-1
SPBP35G2.09	981240	981893	1
SPBP35G2.10	982068	986324	1
SPBP35G2.11c	986644	987837	-1
SPBP35G2.12	989558	990175	1
SPBP35G2.13c	990417	991367	-1
SPBP35G2.14	992872	996069	1
SPBC146.01	996797	1000080	1
SPBC146.02	1001011	1001802	1
SPBC146.03c	1002489	1006463	-1
SPBC146.04	1008018	1008596	1
SPBC146.05c	1008799	1009991	-1
SPBC146.06c	1010601	1012712	-1
SPBC146.07	1013555	1015108	1
SPBC146.08c	1015332	1015767	-1
SPBC146.09c	1016000	1019002	-1
SPBC146.10	1019753	1020322	1
SPBC146.11c	1020296	1021333	-1
SPBC146.12	1022416	1023855	1
SPBC146.13c	1024233	1027930	-1
SPBC146.14c	1029116	1031938	-1
SPBC337.02c	1032857	1033776	-1
SPBC337.03	1035538	1036864	1
SPBC337.04	1037077	1038385	1
SPBC337.05c	1038547	1040578	-1
SPBC337.06c	1041117	1041973	-1
SPBC337.07c	1042295	1043959	-1
SPBC337.08c	1044418	1045566	-1
SPBC337.09	1047535	1048120	1
SPBC337.10c	1048564	1049430	-1
SPBC337.11	1050315	1051292	1
SPBC337.12	1052080	1053471	1
SPBC337.13c	1053778	1054704	-1
SPBC337.14	1055662	1056226	1
SPBC337.15c	1056625	1057275	-1
SPBC337.16	1058347	1059067	1
SPBC1734.01c	1059522	1061570	-1
SPBC1734.02c	1061970	1063377	-1
SPBC1734.03	1064200	1066401	1
SPBC1734.04	1067092	1068384	1
SPBC1734.05c	1069110	1069942	-1
SPBC1734.06	1070258	1071421	1
SPBC1734.07c	1071571	1073427	-1
SPBC1734.08	1074399	1075795	1
SPBC1734.09	1076347	1077297	1
SPBC1734.10c	1077439	1078918	-1
SPBC1734.11	1081719	1082942	1
SPBC1734.12c	1083585	1085318	-1
SPBC1734.13	1085936	1086920	1
SPBC1734.14c	1088271	1088778	-1
SPBC1734.15	1089188	1090924	1
SPBC1734.16c	1091098	1094653	-1
SPBC1709.01	1095358	1098185	1
SPBC1709.02c	1098300	1101472	-1
SPBC1709.03	1102314	1103683	1
SPBC1709.04c	1103770	1104607	-1
SPBC1709.05	1106456	1108297	1
SPBC1709.06	1108728	1110446	1
SPBC1709.07	1110890	1112001	1
SPBC1709.20	1112735	1113159	1
SPBC1709.08	1113339	1117664	1
SPBC1709.09	1118561	1119295	1
SPBC1709.10c	1119852	1120181	-1
SPBC1709.11c	1120945	1121949	-1
SPBC1709.12	1122828	1124285	1
SPBC1709.13c	1124444	1126087	-1
SPBC1709.14	1126628	1127840	1
SPBC1709.15c	1127969	1130425	-1
SPBC1709.16c	1130896	1132072	-1
SPBC1709.17	1132170	1134042	1
SPBC1709.18	1134499	1135377	1
SPBC1709.19c	1136807	1137589	-1
SPBC409.04c	1138748	1139527	-1
SPBC409.03	1138056	1138530	1
SPBC409.05	1140148	1140805	1
SPBC409.06	1142220	1143273	1
SPBC409.07c	1143967	1145784	-1
SPBC409.08	1152079	1153740	1
SPBC409.09c	1154612	1155601	-1
SPBC409.10	1157118	1158017	1
SPBC409.11	1158594	1160255	1
SPBC409.12c	1161896	1163082	-1
SPBC409.23	1164318	1164885	1
SPBC409.13	1165481	1166247	1
SPBC409.14c	1166932	1167204	-1
SPBC409.15	1167534	1168334	1
SPBC409.16c	1168687	1169049	-1
SPBC409.17c	1169554	1170222	-1
SPBC409.19c	1172732	1174084	-1
SPBC409.18	1171602	1172501	1
SPBC409.20c	1174829	1175865	-1
SPBC409.21	1176861	1177439	1
SPBC1306.01c	1178080	1180392	-1
SPBC1306.02	1181044	1184104	1
SPBC4.01	1184427	1185324	1
SPBC4.02c	1185617	1187324	-1
SPBC4.03c	1188137	1190812	-1
SPBC4.04c	1191397	1194108	-1
SPBC4.05	1194354	1195343	1
SPBC4.06	1196014	1197402	1
SPBC4.07c	1197898	1199379	-1
SPBC725.01	1200661	1201974	1
SPBC725.02	1203757	1204644	1
SPBC725.03	1207040	1207813	1
SPBC725.04	1208965	1210722	1
SPBC725.05c	1210895	1212352	-1
SPBC725.06c	1212823	1215921	-1
SPBC725.07	1217019	1218815	1
SPBC725.08	1219509	1221515	1
SPBC725.09c	1222360	1223196	-1
SPBC725.10	1224974	1225995	1
SPBC725.11c	1225910	1226914	-1
SPBC725.12	1227762	1228307	1
SPBC725.13c	1228476	1229027	-1
SPBC725.14	1229291	1230793	1
SPBC725.15	1231079	1231726	1
SPBC725.16	1233335	1235375	1
SPBC725.17c	1235651	1236367	-1
SPBC651.01c	1236884	1239176	-1
SPBC651.02	1240185	1241234	1
SPBC651.03c	1241824	1242945	-1
SPBC651.04	1244847	1245560	1
SPBC651.05c	1246102	1246918	-1
SPBC651.06	1247484	1248188	1
SPBC651.07	1248596	1249617	1
SPBC651.08c	1250083	1254350	-1
SPBC651.09c	1255607	1257386	-1
SPBC651.10	1257903	1259069	1
SPBC651.11c	1259271	1260640	-1
SPBC651.12c	1261019	1261840	-1
SPBC31A8.01c	1262678	1263604	-1
SPBC3D6.02	1269748	1270920	1
SPBC3D6.03c	1271978	1274014	-1
SPBC3D6.15	1274250	1274670	1
SPBC3D6.04c	1274979	1277059	-1
SPBC3D6.05	1278358	1279373	1
SPBC3D6.06c	1279902	1281349	-1
SPBC3D6.07	1282754	1284325	1
SPBC3D6.08c	1284489	1285084	-1
SPBC3D6.09	1286143	1286945	1
SPBC3D6.10	1287406	1289014	1
SPBC3D6.11c	1289151	1289960	-1
SPBC3D6.12	1290564	1293332	1
SPBC3D6.13c	1293702	1295882	-1
SPBC30B4.09	1297078	1297233	-1
SPBC3D6.16	1296915	1297260	1
SPBC30B4.01c	1299491	1300615	-1
SPBC30B4.02c	1301941	1304028	-1
SPBC30B4.03c	1304821	1305996	-1
SPBC30B4.04c	1309127	1311724	-1
SPBC30B4.05	1313231	1316183	1
SPBC30B4.06c	1316376	1318376	-1
SPBC30B4.07c	1319538	1320493	-1
SPBC30B4.08	1320692	1321833	1
SPBC27B12.01c	1321952	1323100	-1
SPBC27B12.02	1323731	1324069	1
SPBC27B12.03c	1324475	1325464	-1
SPBC27B12.04c	1326139	1328592	-1
SPBC27B12.05	1328794	1330607	1
SPBC27B12.06	1331066	1333822	1
SPBC27B12.07	1334112	1335162	1
SPBC27B12.08	1335724	1341821	1
SPBC27B12.09c	1342043	1342876	-1
SPBC27B12.10c	1343913	1344237	-1
SPBC27B12.11c	1345249	1347465	-1
SPBC27B12.14	1348380	1348863	1
SPBC27B12.12c	1351331	1353742	-1
SPBC27B12.13	1356317	1357351	1
SPBC8D2.01	1358692	1360439	1
SPBC8D2.02c	1361216	1361936	-1
SPBC8D2.03c	1364512	1364823	-1
SPBC8D2.04	1365158	1365568	1
SPBC8D2.05c	1366216	1368793	-1
SPBC8D2.06	1369158	1372352	1
SPBC8D2.07c	1372610	1374935	-1
SPBC8D2.09c	1375313	1375721	-1
SPBC8D2.10c	1376341	1378365	-1
SPBC8D2.11	1379592	1379960	1
SPBC8D2.23	1378510	1378770	1
SPBC8D2.12c	1380298	1381599	-1
SPBC8D2.14c	1384008	1385028	-1
SPBC8D2.13	1382124	1383706	1
SPBC8D2.15	1386298	1387451	1
SPBC8D2.16c	1387747	1388737	-1
SPBC8D2.17	1390183	1391222	1
SPBC8D2.18c	1391667	1392968	-1
SPBC8D2.20c	1395834	1399508	-1
SPBC8D2.19	1393454	1395312	1
SPBC17A3.01c	1400418	1401776	-1
SPBC17A3.02	1403247	1403975	1
SPBC17A3.03c	1404360	1405466	-1
SPBC17A3.04c	1407408	1409883	-1
SPBC17A3.05c	1411362	1412691	-1
SPBC17A3.06	1413055	1414047	1
SPBC17A3.07	1414496	1415945	1
SPBC17A3.08	1416265	1417560	1
SPBC17A3.09c	1417553	1418644	-1
SPBC17A3.10	1418872	1419850	1
SPBC691.01	1420542	1421783	1
SPBC691.02c	1421873	1423909	-1
SPBC691.03c	1424670	1427306	-1
SPBC691.04	1428789	1430396	1
SPBC691.05c	1430755	1432890	-1
SPBP22H7.02c	1433412	1435913	-1
SPBP22H7.03	1436278	1436823	1
SPBP22H7.04	1438067	1438834	1
SPBP22H7.05c	1438967	1442572	-1
SPBP22H7.06	1444565	1445673	1
SPBP22H7.07	1446112	1447533	1
SPBP22H7.08	1448008	1448499	1
SPBP22H7.09c	1448815	1450155	-1
SPBC32H8.01c	1450371	1451104	-1
SPBC32H8.02c	1452187	1453434	-1
SPBC32H8.15	1455028	1455333	1
SPBC32H8.04c	1459352	1459984	-1
SPBC32H8.03	1457664	1458563	1
SPBC32H8.05	1460575	1461067	1
SPBC32H8.06	1461719	1463083	1
SPBC32H8.07	1464326	1465243	1
SPBC32H8.08c	1465811	1467431	-1
SPBC32H8.09	1468525	1470087	1
SPBC32H8.10	1470680	1472626	1
SPBC32H8.11	1473194	1474747	1
SPBC32H8.12c	1476149	1477276	-1
SPBC32H8.13c	1478104	1485162	-1
SPBC11B10.01	1486152	1487938	1
SPBC11B10.02c	1488211	1489664	-1
SPBC11B10.03	1490611	1491747	1
SPBC11B10.04c	1491955	1492821	-1
SPBC11B10.05c	1493069	1494553	-1
SPBC11B10.06	1495152	1495781	1
SPBC11B10.07c	1496096	1497491	-1
SPBC11B10.08	1498801	1499415	1
SPBC11B10.09	1500340	1501528	1
SPBC11B10.10c	1502642	1503061	-1
SPBC1215.01	1505418	1506373	1
SPBC1215.02c	1506412	1509383	-1
SPBC83.01	1510581	1513363	1
SPBC83.02c	1513393	1513739	-1
SPBC83.03c	1514479	1516128	-1
SPBC83.04	1516727	1517204	1
SPBC83.05	1517668	1519989	1
SPBC83.06c	1520212	1520490	-1
SPBC83.07	1521271	1523585	1
SPBC83.08	1524007	1525505	1
SPBC83.09c	1525693	1526965	-1
SPBC83.10	1527906	1528475	1
SPBC83.11	1529220	1530631	1
SPBC83.12	1532018	1532503	1
SPBC83.13	1533303	1534184	1
SPBC83.14c	1534776	1536055	-1
SPBC83.15	1536899	1538454	1
SPBC83.16c	1538801	1540492	-1
SPBC83.19c	1541452	1541811	-1
SPBC83.17	1542599	1543045	1
SPBC83.18c	1543895	1544766	-1
SPBC29B5.01	1547661	1549361	1
SPBC29B5.02c	1550434	1552791	-1
SPBC29B5.03c	1558240	1558620	-1
SPBC29B5.04c	1559305	1561122	-1
SPBC27.01c	1561637	1562035	-1
SPBC27.02c	1562508	1563564	-1
SPBC27.03	1563902	1565770	1
SPBC27.04	1566403	1569561	1
SPBC27.05	1569746	1570072	1
SPBC27.06c	1570447	1570852	-1
SPBC27.08c	1571485	1572957	-1
SPBC28F2.02	1574527	1575405	1
SPBC28F2.03	1576329	1576817	1
SPBC28F2.04c	1577407	1578009	-1
SPBC28F2.05c	1578175	1579005	-1
SPBC28F2.06c	1579127	1579948	-1
SPBC28F2.07	1580688	1581587	1
SPBC28F2.08c	1582103	1584244	-1
SPBC28F2.09	1585222	1586417	1
SPBC28F2.10c	1586687	1588342	-1
SPBC28F2.11	1589359	1590483	1
SPBC28F2.12	1591154	1596710	1
SPBC21B10.13c	1648235	1648840	1
SPBC21B10.12	1649038	1649671	-1
SPBC21B10.11	1650289	1650550	-1
SPBC21B10.10	1651022	1651810	-1
SPBC21B10.09	1652519	1654275	-1
SPBC21B10.14	1652043	1652357	1
SPBC21B10.08c	1655946	1656777	1
SPBC21B10.07	1657186	1658445	-1
SPBC21B10.06c	1660863	1662389	1
SPBC21B10.05c	1662947	1663891	1
SPBC21B10.04c	1664582	1664950	1
SPBC21B10.15	1665622	1665917	-1
SPBC21B10.03c	1667059	1669434	1
SPBC21B10.02	1669719	1670144	-1
SPBC19C2.01	1670582	1673749	1
SPBC19C2.02	1674066	1675102	1
SPBC19C2.03	1675735	1675979	1
SPBC19C2.04c	1676524	1677576	-1
SPBC19C2.05	1682861	1684273	1
SPBC19C2.06c	1686768	1687205	-1
SPBC19C2.07	1688367	1689443	1
SPBC19C2.08	1690148	1690978	1
SPBC19C2.09	1691828	1694530	1
SPBC19C2.10	1695221	1696841	1
SPBC19C2.11c	1697735	1699093	-1
SPBC19C2.12	1700082	1700706	1
SPBC19C2.13c	1700873	1701973	-1
SPBC19C2.14	1702182	1702628	1
SPBC19C2.15c	1703036	1703764	-1
SPBC2F12.15c	1704401	1705462	1
SPBC2F12.14c	1706975	1708881	1
SPBC2F12.13	1709214	1711921	-1
SPBC2F12.12c	1713103	1714886	1
SPBC2F12.17	1715140	1715436	-1
SPBC2F12.11c	1718224	1718883	1
SPBC2F12.10	1719551	1720477	-1
SPBC2F12.09c	1723013	1724080	1
SPBC2F12.08c	1724847	1726055	1
SPBC2F12.07c	1726677	1727438	1
SPBC2F12.05c	1728834	1733137	1
SPBC2F12.04	1733420	1733983	-1
SPBC2F12.03c	1734354	1737029	1
SPBC2F12.02c	1738978	1739841	1
SPBC1D7.05	1740317	1742296	-1
SPBC1D7.04	1744113	1744712	-1
SPBC1D7.03	1746041	1747426	-1
SPBC1D7.02c	1753589	1755286	1
SPBC1D7.01	1756510	1757096	-1
SPBC11G11.01	1757807	1758402	1
SPBC11G11.02c	1758958	1760379	-1
SPBC11G11.03	1760732	1761792	1
SPBC11G11.04	1762436	1763022	1
SPBC11G11.06c	1764504	1765133	-1
SPBC11G11.05	1763752	1764507	1
SPBC11G11.07	1766151	1769069	1
SPBC18H10.02	1770093	1772249	1
SPBC18H10.03	1773023	1773912	1
SPBC18H10.04c	1775489	1776897	-1
SPBC18H10.05	1780014	1781774	1
SPBC18H10.06c	1781975	1783156	-1
SPBC18H10.07	1783259	1784006	1
SPBC18H10.08c	1784219	1786248	-1
SPBC18H10.09	1786332	1787917	1
SPBC18H10.10c	1788047	1789046	-1
SPBC18H10.11c	1789384	1790682	-1
SPBC18H10.12c	1791019	1792215	-1
SPBC18H10.13	1792384	1792803	1
SPBC18H10.14	1793947	1794540	1
SPBC18H10.15	1795240	1796494	1
SPBC18H10.16	1797014	1800212	1
SPBC18H10.17c	1800731	1801258	-1
SPBC18H10.18c	1802356	1803129	-1
SPBC18H10.19	1806262	1807980	1
SPBC18H10.20c	1808402	1809487	-1
SPBC9B6.02c	1812748	1816749	-1
SPBC9B6.03	1818277	1819158	1
SPBC9B6.04c	1820039	1821409	-1
SPBC9B6.05c	1822126	1822673	-1
SPBC9B6.06	1822936	1823700	1
SPBC9B6.07	1824562	1825497	1
SPBC9B6.08	1827163	1827852	1
SPBC9B6.09c	1828660	1830840	-1
SPBC9B6.10	1831189	1833020	1
SPBC9B6.11c	1833167	1834804	-1
SPBC28E12.01c	1834888	1835295	-1
SPBC28E12.02	1836327	1838318	1
SPBC28E12.03	1839623	1842766	1
SPBC28E12.04	1843461	1844531	1
SPBC28E12.05	1845162	1846166	1
SPBC28E12.06c	1846434	1854263	-1
SPBC3H7.15	1855589	1856808	-1
SPBC3H7.14	1857763	1858983	-1
SPBC3H7.13	1860194	1861099	-1
SPBC3H7.12	1862166	1863029	-1
SPBC3H7.11	1863368	1864186	-1
SPBC3H7.18	1864520	1864753	1
SPBC3H7.10	1864777	1865608	-1
SPBC3H7.09	1866397	1867449	-1
SPBC3H7.08c	1869252	1869843	1
SPBC3H7.07c	1870334	1871301	1
SPBC3H7.06c	1871847	1873320	1
SPBC3H7.05c	1874459	1875532	1
SPBC3H7.04	1875897	1876559	-1
SPBC3H7.03c	1880739	1883768	1
SPBC3H7.02	1884365	1886998	-1
SPBC3H7.01	1890164	1891656	-1
SPBP16F5.02	1893156	1894262	1
SPBP16F5.03c	1894433	1905532	-1
SPBP16F5.04	1905799	1906744	1
SPBP16F5.05c	1907232	1907672	-1
SPBP16F5.06	1908132	1909568	1
SPBP16F5.07	1910180	1911683	1
SPBP16F5.08c	1912136	1913479	-1
SPBC16E9.01c	1915850	1916737	-1
SPBC16E9.02c	1918161	1920173	-1
SPBC16E9.03c	1920763	1921512	-1
SPBC16E9.19	1921511	1922173	1
SPBC16E9.06c	1925686	1925994	-1
SPBC16E9.05	1923986	1925122	1
SPBC16E9.07	1927140	1928081	1
SPBC16E9.08	1928803	1929870	1
SPBC16E9.09c	1930512	1931324	-1
SPBC16E9.10c	1931899	1934401	-1
SPBC16E9.11c	1935777	1938479	-1
SPBC16E9.12c	1940094	1940756	-1
SPBC16E9.13	1943227	1944651	1
SPBC16E9.14c	1945162	1946322	-1
SPBC16E9.15	1946978	1947375	1
SPBC16E9.16c	1947985	1950255	-1
SPBC16E9.20	1951792	1952361	1
SPBC16E9.17c	1953419	1954712	-1
SPBC16E9.18	1955709	1957022	1
SPBC1E8.02	1958125	1959936	1
SPBC1E8.03c	1960384	1961817	-1
SPBC1E8.04	1965390	1969387	1
SPBC1E8.05	1970914	1971867	1
SPBC1A4.01	1973367	1974065	1
SPBC1A4.02c	1974488	1975603	-1
SPBC1A4.03c	1976253	1980766	-1
SPBC1A4.04	1983273	1984022	1
SPBC1A4.05	1984516	1986671	1
SPBC1A4.06c	1987044	1988353	-1
SPBC1A4.07c	1988986	1990352	-1
SPBC1A4.08c	1990769	1992463	-1
SPBC1A4.11c	1993276	1993650	-1
SPBC1A4.09	1993927	1995969	1
SPBC1A4.10c	1996289	1998928	-1
SPBP23A10.03c	2000312	2000774	-1
SPBP23A10.02	1999898	2000376	1
SPBP23A10.04	2001135	2003269	1
SPBP23A10.05	2003716	2005099	1
SPBP23A10.17	2005385	2005781	-1
SPBP23A10.06	2005968	2006975	1
SPBP23A10.07	2008119	2011643	1
SPBP23A10.08	2013062	2014363	1
SPBP23A10.09	2015500	2016108	1
SPBP23A10.10	2016395	2018794	1
SPBP23A10.11c	2019166	2020689	-1
SPBP23A10.12	2023949	2024889	1
SPBP23A10.13	2025543	2028461	1
SPBP23A10.14c	2029259	2031035	-1
SPBP23A10.15c	2033470	2034843	-1
SPBP23A10.16	2036100	2036579	1
SPBC29A3.21	2037092	2037394	1
SPBC29A3.01	2037987	2040701	1
SPBC29A3.02c	2040893	2042146	-1
SPBC29A3.03c	2042507	2043763	-1
SPBC29A3.04	2045495	2046340	1
SPBC29A3.05	2047112	2047666	1
SPBC29A3.06	2048228	2049896	1
SPBC29A3.07c	2050258	2050695	-1
SPBC29A3.08	2053033	2053600	1
SPBC29A3.09c	2054214	2056424	-1
SPBC29A3.10c	2057098	2057602	-1
SPBC29A3.11c	2058263	2059156	-1
SPBC29A3.13	2061103	2062182	-1
SPBC29A3.12	2059792	2060370	1
SPBC29A3.14c	2062472	2066110	-1
SPBC29A3.15c	2066508	2067938	-1
SPBC29A3.16	2068393	2068893	1
SPBC29A3.17	2070386	2072019	1
SPBC29A3.18	2073323	2074330	1
SPBC18E5.01	2075665	2076693	1
SPBC18E5.02c	2077163	2078859	-1
SPBC18E5.03c	2079489	2080398	-1
SPBC18E5.04	2081514	2082179	1
SPBC18E5.05c	2082487	2083485	-1
SPBC18E5.06	2083868	2084184	1
SPBC18E5.07	2085622	2087469	1
SPBC18E5.08	2088440	2089000	1
SPBC18E5.14c	2089944	2090327	-1
SPBC18E5.09c	2090557	2090943	-1
SPBC18E5.11c	2094393	2095848	-1
SPBC18E5.10	2092851	2094277	1
SPBC18E5.12c	2096528	2098036	-1
SPBC18E5.13	2098957	2099658	1
SPBC23G7.16	2100273	2101061	1
SPBC23G7.04c	2101446	2103491	-1
SPBC23G7.05	2105626	2106170	1
SPBC23G7.06c	2106448	2108786	-1
SPBC23G7.07c	2109409	2110357	-1
SPBC23G7.08c	2110807	2112894	-1
SPBC23G7.17c	2114219	2114347	-1
SPBC23G7.09	2114482	2115027	1
SPBC23G7.10c	2118267	2119454	-1
SPBC23G7.11	2120286	2120927	1
SPBC23G7.12c	2121530	2122783	-1
SPBC23G7.13c	2123260	2125254	-1
SPBC23G7.14	2126633	2127028	1
SPBC23G7.15c	2128032	2128410	-1
SPBC1711.01c	2132586	2132714	-1
SPBC1711.02	2132849	2133394	1
SPBC1711.03	2138363	2139476	1
SPBC1711.04	2139862	2140991	1
SPBC1711.05	2141268	2142623	1
SPBC1711.06	2143137	2144228	1
SPBC1711.18	2145039	2145299	1
SPBC1711.07	2146256	2147698	1
SPBC1711.08	2149125	2150510	1
SPBC1711.09c	2150960	2151838	-1
SPBC1711.10c	2152459	2154335	-1
SPBC1711.11	2155273	2156445	1
SPBC1711.12	2157625	2159676	1
SPBC1711.13	2159917	2161236	1
SPBC1711.15c	2162113	2162211	-1
SPBC1711.14	2161542	2162133	1
SPBC1711.16	2164278	2165828	1
SPBC1711.17	2166259	2169780	1
SPBC17G9.02c	2169991	2171260	-1
SPBC17G9.03c	2171857	2173632	-1
SPBC17G9.04c	2174101	2176128	-1
SPBC17G9.05	2178034	2179332	1
SPBC17G9.06c	2179488	2180492	-1
SPBC17G9.07	2180931	2181416	1
SPBC17G9.08c	2181745	2184676	-1
SPBC17G9.09	2187712	2189052	1
SPBC17G9.10	2189725	2190249	1
SPBC17G9.11c	2190874	2194431	-1
SPBC17G9.12c	2195200	2196024	-1
SPBC17G9.13c	2196584	2197537	-1
SPBC1815.01	2201237	2202556	1
SPBC14C8.01c	2203316	2204221	-1
SPBC14C8.02	2205554	2206837	1
SPBC14C8.03	2207732	2209012	1
SPBC14C8.04	2210136	2211596	1
SPBC14C8.05c	2212020	2213372	-1
SPBC14C8.06	2214438	2215618	1
SPBC14C8.07c	2216140	2217873	-1
SPBC14C8.10	2220763	2221293	1
SPBC14C8.19	2218540	2219196	-1
SPBC14C8.09c	2219430	2220322	-1
SPBC14C8.11c	2222650	2223129	-1
SPBC14C8.12	2223772	2224256	1
SPBC14C8.13	2225388	2226143	1
SPBC14C8.14c	2226040	2228988	-1
SPBC14C8.15	2230228	2231782	1
SPBC14C8.16c	2232164	2233111	-1
SPBC14C8.17c	2234083	2235710	-1
SPBC15C4.01c	2236526	2237638	-1
SPBC15C4.02	2238826	2240704	1
SPBC15C4.03	2240916	2242344	1
SPBC15C4.04c	2242831	2244459	-1
SPBC15C4.05	2246723	2251009	1
SPBC15C4.06c	2251736	2253406	-1
SPBC21H7.02	2255202	2255849	1
SPBC21H7.03c	2256644	2258035	-1
SPBC21H7.04	2258814	2260943	1
SPBC21H7.05	2262214	2264094	1
SPBC21H7.06c	2264302	2265030	-1
SPBC21H7.07c	2266666	2267316	-1
SPBC16H5.14c	2268602	2269567	1
SPBC16H5.13	2269573	2272776	-1
SPBC16H5.12c	2274073	2276707	1
SPBC16H5.11c	2277215	2279247	1
SPBC16H5.10c	2279763	2281970	1
SPBC16H5.09c	2282566	2283827	1
SPBC16H5.08c	2284377	2286345	1
SPBC16H5.07c	2287017	2288277	1
SPBC16H5.06	2289372	2290058	-1
SPBC16H5.15	2290803	2291303	-1
SPBC16H5.05c	2291578	2293141	1
SPBC16H5.04	2293393	2294125	-1
SPBC16H5.03c	2295031	2297089	1
SPBC16H5.02	2297466	2300294	-1
SPBC12D12.01	2304182	2305726	1
SPBC12D12.02c	2305758	2306240	-1
SPBC12D12.03	2307436	2309436	1
SPBC12D12.04c	2309787	2312837	-1
SPBC12D12.09	2313544	2314476	1
SPBC12D12.05c	2314669	2315986	-1
SPBC12D12.06	2316168	2317408	1
SPBC12D12.07c	2317984	2318467	-1
SPBC12D12.08c	2319851	2320256	-1
SPBC24C6.02	2320383	2322332	1
SPBC24C6.03	2323024	2324301	1
SPBC24C6.04	2325256	2326902	1
SPBC24C6.05	2327506	2328416	1
SPBC24C6.06	2330338	2331561	1
SPBC24C6.07	2332270	2332992	1
SPBC24C6.08c	2333174	2334277	-1
SPBC24C6.09c	2335262	2337739	-1
SPBC24C6.13	2340670	2341088	1
SPBC24C6.10c	2341811	2343150	-1
SPBC24C6.11	2343704	2344258	1
SPBC19G7.01c	2344457	2347542	-1
SPBC19G7.02	2348284	2349112	1
SPBC19G7.03c	2349078	2349435	-1
SPBC19G7.04	2349593	2350766	1
SPBC19G7.05c	2351054	2356243	-1
SPBC19G7.06	2359429	2361092	1
SPBC19G7.07c	2361195	2363340	-1
SPBC19G7.08c	2364279	2365730	-1
SPBC19G7.09	2367117	2368823	1
SPBC19G7.10c	2369064	2371583	-1
SPBC19G7.18c	2372072	2372924	-1
SPBC19G7.13	2374174	2375631	1
SPBC19G7.14c	2375740	2377064	-1
SPBC19G7.15	2378035	2379290	1
SPBC19G7.19	2379749	2380002	-1
SPBC19G7.16	2380663	2381949	1
SPBC19G7.17	2382465	2384277	1
SPBC36B7.02	2385439	2386500	1
SPBC36B7.03	2387093	2389038	1
SPBC36B7.04	2389667	2390866	1
SPBC36B7.05c	2391258	2392097	-1
SPBC36B7.06c	2392551	2393103	-1
SPBC36B7.08c	2394575	2395561	-1
SPBC36B7.07	2393674	2394442	1
SPBC36B7.09	2396675	2401454	1
SPBP18G5.02	2401753	2403394	1
SPBP18G5.03	2403581	2404915	1
SPBC1921.01c	2405504	2405961	-1
SPBC1921.02	2406832	2408102	1
SPBC1921.03c	2408304	2410094	-1
SPBC1921.04c	2411051	2411404	-1
SPBC1921.05	2413507	2416155	1
SPBC1921.06c	2417166	2418302	-1
SPBC1921.07c	2419146	2419981	-1
SPBC21D10.12	2420790	2422258	-1
SPBC21D10.11c	2422760	2424265	1
SPBC21D10.10	2424574	2425473	-1
SPBC21D10.09c	2426567	2431588	1
SPBC21D10.07	2433110	2433482	-1
SPBC21D10.08c	2432142	2433025	1
SPBC21D10.06c	2435636	2438482	1
SPBC21D10.05c	2439122	2441134	1
SPBC12C2.13c	2444329	2445924	1
SPBC12C2.12c	2446698	2447606	1
SPBC12C2.11	2448491	2450854	-1
SPBC12C2.10c	2452052	2456757	1
SPBC12C2.09c	2457715	2458689	1
SPBC12C2.08	2459019	2461495	-1
SPBC12C2.07c	2463200	2464096	1
SPBC12C2.06	2464347	2465858	-1
SPBC12C2.05c	2466173	2468485	1
SPBC12C2.04	2469061	2470215	-1
SPBC12C2.14c	2471721	2472056	-1
SPBC12C2.03c	2473630	2475345	1
SPBC12C2.02c	2476139	2480068	1
SPBC12C2.01c	2480931	2481887	1
SPBC17F3.02	2482246	2484320	-1
SPBC17F3.01c	2486807	2487892	1
SPBC557.02c	2488325	2488936	-1
SPBC557.03c	2489034	2490828	-1
SPBC557.04	2492048	2494777	1
SPBC365.20c	2496844	2497506	-1
SPBC557.05	2495224	2496610	1
SPBC365.01	2499835	2500902	1
SPBC365.02c	2501402	2502565	-1
SPBC365.03c	2503268	2503750	-1
SPBC365.04c	2504297	2504998	-1
SPBC365.05c	2505307	2506446	-1
SPBC365.06	2506894	2507390	1
SPBC365.07c	2507560	2509203	-1
SPBC365.08c	2509659	2510434	-1
SPBC365.09c	2510785	2511699	-1
SPBC365.10	2512667	2514887	1
SPBC365.11	2515260	2516060	1
SPBC365.12c	2516249	2518303	-1
SPBC365.13c	2519571	2520770	-1
SPBC365.14c	2521623	2522925	-1
SPBC365.15	2524061	2526415	1
SPBC365.16	2530988	2531821	1
SPBC29A10.01	2533463	2535499	1
SPBC29A10.02	2536221	2538027	1
SPBC29A10.03c	2538319	2539953	-1
SPBC29A10.04	2540743	2544475	1
SPBC29A10.05	2545549	2547264	1
SPBC29A10.06c	2547516	2548575	-1
SPBC29A10.07	2548695	2552447	1
SPBC29A10.08	2554047	2555426	1
SPBC29A10.09c	2555664	2556947	-1
SPBC29A10.10c	2557293	2563127	-1
SPBC29A10.11c	2563926	2565182	-1
SPBC29A10.12	2566434	2567165	1
SPBC29A10.13	2567701	2568228	1
SPBC29A10.14	2568938	2570810	1
SPBC29A10.15	2571162	2573337	1
SPBC29A10.17	2573829	2574487	1
SPBC29A10.16c	2574822	2575428	-1
SPBC2G5.01	2576621	2577745	1
SPBC2G5.02c	2578317	2579081	-1
SPBC2G5.03	2581957	2582964	1
SPBC2G5.04c	2583234	2584235	-1
SPBC2G5.05	2586521	2588578	1
SPBC2G5.06c	2589100	2590479	-1
SPBC2G5.07c	2592258	2593170	-1
SPBC25B2.01	2594464	2596339	1
SPBC25B2.02c	2596425	2600435	-1
SPBC25B2.03	2602284	2604227	1
SPBC25B2.04c	2604654	2605731	-1
SPBC25B2.05	2605970	2606953	1
SPBC25B2.06c	2607314	2608370	-1
SPBC25B2.07c	2609038	2610543	-1
SPBC25B2.08	2612209	2612586	1
SPBC25B2.09c	2613050	2614906	-1
SPBC25B2.10	2616521	2617444	1
SPBC25B2.11	2617862	2619336	1
SPBC1826.01c	2619704	2625565	-1
SPBC6B1.02	2627594	2630455	1
SPBC6B1.03c	2631042	2631967	-1
SPBC6B1.04	2633025	2634290	1
SPBC6B1.05c	2634389	2636594	-1
SPBC6B1.06c	2637613	2640009	-1
SPBC6B1.07	2641990	2644710	1
SPBC6B1.08c	2645046	2646593	-1
SPBC6B1.12c	2648070	2648464	-1
SPBC6B1.09c	2648745	2650914	-1
SPBC6B1.10	2651646	2653484	1
SPBC3E7.01	2653545	2659343	-1
SPBC3E7.02c	2660490	2660921	-1
SPBC3E7.17	2661796	2661978	1
SPBC3E7.04c	2662488	2664652	-1
SPBC3E7.05c	2665666	2667395	-1
SPBC3E7.06c	2668207	2669940	-1
SPBC3E7.07c	2671959	2672744	-1
SPBC3E7.08c	2673019	2676357	-1
SPBC3E7.09	2676617	2678596	1
SPBC3E7.10	2678873	2680173	1
SPBC3E7.11c	2680433	2681669	-1
SPBC3E7.12c	2682390	2683760	-1
SPBC3E7.13c	2684012	2684750	-1
SPBC3E7.15c	2686630	2687965	-1
SPBC3E7.14	2685690	2686045	1
SPBC3E7.16c	2688592	2690346	-1
SPBC4F6.04	2690831	2691524	1
SPBC4F6.05c	2692018	2693172	-1
SPBC4F6.06	2695168	2697843	1
SPBC4F6.07c	2698289	2700359	-1
SPBC4F6.08c	2700973	2701249	-1
SPBC4F6.09	2705523	2707361	1
SPBC4F6.10	2708076	2709793	1
SPBC4F6.11c	2709848	2711494	-1
SPBC4F6.12	2712512	2713884	1
SPBC4F6.13c	2714424	2716646	-1
SPBC4F6.14	2716865	2718889	1
SPBC4F6.15c	2719150	2720138	-1
SPBC4F6.16c	2720994	2722397	-1
SPBC4F6.17c	2723235	2725646	-1
SPBC4F6.18c	2727303	2727913	-1
SPBC18A7.02c	2730736	2732213	-1
SPBC18A7.01	2729258	2730613	1
SPBC336.16	2732701	2732916	-1
SPBC336.01	2733296	2735972	1
SPBC336.02	2736963	2737944	1
SPBC336.03	2740202	2743165	1
SPBC336.04	2743843	2747155	1
SPBC336.05c	2747191	2748327	-1
SPBC336.06c	2748791	2749769	-1
SPBC336.07	2750915	2754934	1
SPBC336.08	2755505	2756278	1
SPBC336.09c	2756305	2757982	-1
SPBC336.10c	2758761	2759270	-1
SPBC336.11	2759639	2761165	1
SPBC336.12c	2761287	2763590	-1
SPBC336.13c	2764315	2764996	-1
SPBC336.14c	2765320	2767690	-1
SPBC336.15	2769271	2772370	1
SPBC685.02	2772884	2774447	1
SPBC685.03	2774697	2776055	1
SPBC685.04c	2776485	2776916	-1
SPBC685.05	2777842	2778500	1
SPBC685.06	2778923	2779856	1
SPBC685.07c	2780199	2780653	-1
SPBC685.08	2781316	2781655	1
SPBC685.09	2781958	2783565	1
SPBC32F12.01c	2784277	2785551	-1
SPBC32F12.02	2786978	2787939	1
SPBC32F12.16	2788470	2788745	1
SPBC32F12.03c	2789071	2789547	-1
SPBC32F12.04	2791470	2793142	1
SPBC32F12.05c	2793222	2794027	-1
SPBC32F12.06	2794966	2796094	1
SPBC32F12.07c	2796316	2797338	-1
SPBC32F12.08c	2798007	2798507	-1
SPBC32F12.09	2800589	2801281	1
SPBC32F12.10	2802517	2804181	1
SPBC32F12.11	2807637	2808647	1
SPBC32F12.15	2809874	2810080	1
SPBC32F12.12c	2810749	2811727	-1
SPBC19C7.01	2812516	2813154	-1
SPBC19C7.02	2813349	2819225	1
SPBC19C7.03	2820008	2825086	1
SPBC19C7.04c	2825692	2826066	-1
SPBC19C7.05	2830189	2830641	1
SPBC19C7.06	2831823	2833973	1
SPBC19C7.07c	2834178	2835032	-1
SPBC19C7.08c	2835338	2837383	-1
SPBC19C7.09c	2837786	2839585	-1
SPBC19C7.10	2840857	2842411	1
SPBC19C7.11	2843141	2845579	1
SPBC19C7.12c	2845923	2847095	-1
SPBP19A11.01	2848523	2849032	1
SPBP19A11.02c	2849580	2850314	-1
SPBP19A11.03c	2851330	2854052	-1
SPBP19A11.04c	2854650	2861240	-1
SPAP19A11.05c	2862163	2862624	-1
SPBP19A11.06	2863815	2868356	1
SPBP19A11.07c	2868453	2870871	-1
SPBP4H10.03	2871898	2873127	1
SPBP4H10.04	2873997	2875859	1
SPBP4H10.05c	2876233	2877369	-1
SPBP4H10.06c	2877850	2881368	-1
SPBP4H10.07	2881805	2883556	1
SPBP4H10.08	2884360	2884787	1
SPBP4H10.09	2888450	2889736	1
SPBP4H10.10	2890645	2891823	1
SPBP4H10.11c	2892339	2894408	-1
SPBP4H10.12	2895855	2896587	1
SPBP4H10.13	2897100	2897531	1
SPBP4H10.14c	2898280	2899206	-1
SPBP4H10.15	2903085	2905881	1
SPBP4H10.16c	2906237	2907124	-1
SPBP4H10.17c	2907373	2908398	-1
SPBP4H10.18c	2908887	2909831	-1
SPBP4H10.19c	2910242	2911465	-1
SPBP4H10.20	2912228	2913371	1
SPBP4H10.21c	2913576	2914220	-1
SPBC1703.01c	2914870	2915595	-1
SPBC1703.02	2916272	2918667	1
SPBC1703.03c	2918968	2921047	-1
SPBC1703.04	2921241	2923535	1
SPBC1703.05	2924013	2925201	1
SPBC1703.06	2925512	2927554	1
SPBC1703.07	2928014	2930172	1
SPBC1703.08c	2930386	2931189	-1
SPBC1703.09	2931763	2932419	1
SPBC1703.10	2932989	2934041	1
SPBC1703.11	2934982	2935821	1
SPBC1703.12	2936211	2938118	1
SPBC1703.13c	2940031	2940966	-1
SPBC1703.14c	2942037	2944580	-1
SPBC1703.15c	2945166	2947080	-1
SPBC2A9.02	2948648	2949535	1
SPBC2A9.03	2951160	2952497	1
SPBC2A9.04c	2952816	2955041	-1
SPBC2A9.05c	2956469	2957189	-1
SPBC2A9.06c	2957587	2958430	-1
SPBC2A9.07c	2959078	2960049	-1
SPBC2A9.14	2960603	2960910	-1
SPBC2A9.13	2960489	2960729	1
SPBC2A9.08c	2961668	2962652	-1
SPBC2A9.09	2962867	2963675	1
SPBC2A9.10	2964227	2965075	1
SPBC2A9.11c	2965217	2966522	-1
SPBC2A9.12	2967355	2968207	1
SPBC2D10.03c	2968322	2968795	-1
SPBC2D10.04	2972196	2974172	1
SPBC2D10.05	2974828	2976272	1
SPBC2D10.06	2977166	2978584	1
SPBC2D10.07c	2978906	2979469	-1
SPBC2D10.08c	2979661	2980446	-1
SPBC2D10.09	2981062	2982351	1
SPBC2D10.10c	2982764	2983681	-1
SPBC2D10.11c	2984709	2985848	-1
SPBC2D10.12	2986964	2988250	1
SPBC2D10.13	2988674	2990187	1
SPBC2D10.14c	2990305	2994814	-1
SPBC2D10.15c	2995324	2996066	-1
SPBC2D10.16	2996452	2996879	1
SPBC2D10.17	2997238	3000954	1
SPBC2D10.18	3001361	3003193	1
SPBC2D10.19c	3003386	3003837	-1
SPBC2D10.20	3004435	3005390	1
SPBC15D4.01c	3005679	3007753	-1
SPBC15D4.02	3012934	3014577	1
SPBC15D4.03	3015538	3017961	1
SPBC15D4.04	3018244	3019584	1
SPBC15D4.05	3020853	3022088	1
SPBC15D4.06	3022433	3022973	1
SPBC15D4.07c	3023513	3025621	-1
SPBC15D4.08c	3025659	3026075	-1
SPBC15D4.09c	3026441	3028273	-1
SPBC15D4.10c	3028705	3030192	-1
SPBC15D4.11c	3030371	3031341	-1
SPBC15D4.12c	3031750	3032129	-1
SPBC15D4.13c	3032492	3033222	-1
SPBC15D4.14	3033881	3035865	1
SPBC15D4.15	3036128	3037110	1
SPBC13E7.01	3037988	3040650	1
SPBC13E7.02	3041802	3043403	1
SPBC13E7.03c	3043625	3045766	-1
SPBC13E7.04	3046852	3047355	1
SPBC13E7.05	3047980	3050477	1
SPBC13E7.06	3050580	3051575	1
SPBC13E7.07	3052511	3053332	1
SPBC13E7.08c	3053605	3055084	-1
SPBC13E7.09	3055475	3056456	1
SPBC13E7.10c	3056760	3058456	-1
SPBC13E7.11	3059132	3060028	1
SPBC30D10.18c	3060570	3061481	1
SPBC30D10.17c	3062313	3063827	1
SPBC30D10.16	3064223	3065231	-1
SPBC30D10.15	3065947	3067497	-1
SPBC30D10.14	3067996	3068745	-1
SPBC30D10.13c	3070543	3071643	1
SPBC30D10.12c	3072394	3072793	1
SPBC30D10.11	3072988	3074949	-1
SPBC30D10.10c	3075961	3082968	1
SPBC30D10.09c	3083317	3084106	1
SPBC30D10.08	3084534	3085346	-1
SPBC30D10.07c	3086128	3088023	1
SPBC30D10.06	3088425	3088893	-1
SPBC30D10.21	3089273	3089634	1
SPBC30D10.05c	3089997	3090740	1
SPBC30D10.04	3090924	3091527	-1
SPBC30D10.03c	3092083	3093399	1
SPBC30D10.02	3093811	3094335	-1
SPBC1778.01c	3094994	3096322	-1
SPBC1778.02	3098366	3100576	1
SPBC1778.03c	3100855	3102165	-1
SPBC1778.05c	3105116	3105719	-1
SPBC1778.04	3103284	3104851	1
SPBC1778.06c	3106767	3108741	-1
SPBC1778.07	3109961	3111199	1
SPBC1778.08c	3111458	3112204	-1
SPBC1778.09	3112724	3113968	1
SPBC1778.10c	3114461	3116386	-1
SPBC4C3.10c	3117669	3118627	1
SPBC4C3.09	3119227	3120357	-1
SPBC4C3.08	3121286	3122404	-1
SPBC4C3.07	3122898	3123806	-1
SPBC4C3.06	3124204	3126701	-1
SPBC4C3.05c	3127899	3132968	1
SPBC4C3.12	3133495	3135486	-1
SPBC4C3.04c	3137606	3137908	1
SPBC4C3.03	3138551	3139567	-1
SPBC405.01	3140722	3143088	1
SPBC405.02c	3143466	3144809	-1
SPBC405.03c	3145630	3146655	-1
SPBC405.04c	3147478	3148230	-1
SPBC405.05	3148752	3149183	1
SPBC405.06	3150758	3151999	1
SPBC405.07	3153502	3153876	1
SPBC609.01	3157597	3161212	1
SPBC609.02	3161823	3162869	1
SPBC609.03	3163172	3165784	1
SPBC609.04	3166680	3168275	1
SPBC609.05	3169409	3171006	1
SPBC776.01	3172323	3172561	1
SPBC776.02c	3173719	3175098	-1
SPBC776.03	3176694	3177893	1
SPBC776.04	3178613	3181169	1
SPBC776.05	3182005	3183521	1
SPBC776.06c	3183676	3185602	-1
SPBC776.07	3186434	3187362	1
SPBC776.08c	3187742	3191086	-1
SPBC776.09	3191548	3193102	1
SPBC776.10c	3193434	3195569	-1
SPBC776.11	3196491	3196937	1
SPBC776.12c	3197331	3198975	-1
SPBC776.13	3200138	3203775	1
SPBC776.14	3204448	3206759	1
SPBC776.15c	3206869	3208579	-1
SPBC776.16	3210022	3210783	1
SPBC776.18c	3212331	3213550	-1
SPBC776.17	3211353	3212117	1
SPBC21.01	3214271	3215685	1
SPBC21.03c	3217985	3218947	-1
SPBC21.02	3216269	3217913	1
SPBC21.04	3219604	3220343	1
SPBC21.05c	3220346	3222181	-1
SPBC21.06c	3222781	3226430	-1
SPBC21.07c	3226820	3228287	-1
SPBC19F8.01c	3228880	3230492	-1
SPBC19F8.02	3231521	3232021	1
SPBC19F8.03c	3232304	3234299	-1
SPBC19F8.04c	3234821	3235513	-1
SPBC19F8.05	3238363	3239019	1
SPBC19F8.06c	3239223	3240947	-1
SPBC19F8.07	3243429	3244436	1
SPBC19F8.08	3245143	3245931	1
SPBC25H2.16c	3246584	3248624	1
SPBC25H2.15	3248812	3250002	-1
SPBC25H2.14	3250199	3251247	-1
SPBC25H2.18	3252603	3253184	-1
SPBC25H2.13c	3253889	3260488	1
SPBC25H2.12c	3260919	3262804	1
SPBC25H2.11c	3263377	3266718	1
SPBC25H2.10c	3267015	3268221	1
SPBC25H2.09	3268891	3269379	-1
SPBC25H2.08c	3270232	3271500	1
SPBC25H2.07	3272287	3272703	-1
SPBC25H2.06c	3272930	3273811	1
SPBC25H2.05	3274957	3275478	-1
SPBC25H2.04c	3275859	3276386	1
SPBC25H2.03	3276687	3279509	-1
SPBC25H2.02	3279950	3282061	-1
SPBC20F10.01	3283373	3284083	1
SPBC20F10.02c	3284618	3286420	-1
SPBC20F10.03	3287750	3289090	1
SPBC20F10.04c	3289466	3290628	-1
SPBC20F10.05	3291032	3294032	1
SPBC20F10.06	3294275	3294973	1
SPBC20F10.07	3295995	3298289	1
SPBC20F10.08c	3298583	3300826	-1
SPBC20F10.09	3301304	3301741	1
SPBC20F10.10	3303306	3304037	1
SPBC17D11.01	3304837	3306253	1
SPBC17D11.02c	3306554	3308630	-1
SPBC17D11.03c	3309377	3310194	-1
SPBC17D11.04c	3310577	3312880	-1
SPBC17D11.05	3314338	3317181	1
SPBC17D11.06	3317783	3319462	1
SPBC17D11.07c	3319883	3322841	-1
SPBC17D11.08	3324029	3325599	1
SPBC17D1.01	3326992	3328913	1
SPBC17D1.02	3329819	3331496	1
SPBC17D1.03c	3331753	3332769	-1
SPBC17D1.04	3333603	3334355	1
SPBC17D1.05	3335110	3336216	1
SPBC17D1.06	3338604	3340340	1
SPBC17D1.07c	3340725	3343918	-1
SPBC11C11.01	3344613	3346288	1
SPBC17D1.17	3346629	3346817	-1
SPBC11C11.02	3347981	3350200	1
SPBC11C11.03	3350848	3352814	1
SPBC11C11.04c	3353145	3356725	-1
SPBC11C11.05	3357779	3358633	1
SPBC11C11.06c	3359360	3359896	-1
SPBC11C11.07	3361817	3362432	1
SPBC11C11.08	3362884	3363806	1
SPBC11C11.09c	3364746	3365630	-1
SPBC11C11.10	3365690	3367016	1
SPBC11C11.11c	3367171	3369220	-1
SPBC3B8.11	3369578	3372184	-1
SPBC3B8.10c	3373465	3374895	1
SPBC3B8.09	3375561	3377354	-1
SPBC3B8.08	3377815	3378439	-1
SPBC3B8.07c	3381862	3382950	1
SPBC3B8.06	3383479	3385014	-1
SPBC3B8.05	3385919	3387317	-1
SPBC3B8.04c	3387700	3390552	1
SPBC3B8.10	3390968	3391413	1
SPBC3B8.03	3391817	3393169	-1
SPBC3B8.02	3394350	3395700	-1
SPBC3B8.01c	3397628	3399119	1
SPBC13A2.01c	3399336	3400073	-1
SPBC13A2.02	3400603	3403014	1
SPBC13A2.03	3403603	3405150	1
SPBC13A2.04c	3405836	3407692	-1
SPBC4B4.01c	3411376	3412712	-1
SPBC4B4.02c	3413338	3415059	-1
SPBC4B4.03	3416021	3418535	1
SPBC4B4.04	3418888	3420656	1
SPBC4B4.05	3421337	3421701	1
SPBC4B4.06	3422568	3423194	1
SPBC4B4.07c	3423372	3424231	-1
SPBC4B4.08	3427572	3429167	1
SPBC4B4.09	3429801	3431974	1
SPBC4B4.10c	3432202	3433190	-1
SPBC4B4.11	3433726	3434117	1
SPBC4B4.12c	3434228	3434560	-1
SPBC2G2.01c	3434828	3436372	-1
SPBC2G2.02	3437553	3440783	1
SPBC2G2.03c	3441122	3441594	-1
SPBC2G2.04c	3442191	3442679	-1
SPBC2G2.06c	3444075	3446332	-1
SPBC2G2.05	3443267	3443918	1
SPBC2G2.07c	3447213	3447890	-1
SPBC2G2.08	3448967	3452152	1
SPBC2G2.09c	3452323	3453406	-1
SPBC2G2.10c	3453746	3454535	-1
SPBC2G2.11	3455224	3456800	1
SPBC2G2.13c	3458998	3460234	-1
SPBC2G2.12	3457165	3458856	1
SPBC2G2.14	3461440	3463041	1
SPBC2G2.15c	3463215	3464047	-1
SPBC2G2.16	3464865	3466152	1
SPBC2G2.17c	3466570	3467529	-1
SPBC1718.01	3469343	3471670	1
SPBC1718.02	3472319	3474169	1
SPBC1718.03	3474729	3475172	1
SPBC1718.04	3475916	3477995	1
SPBC1718.05	3478572	3479552	1
SPBC1718.06	3479898	3482609	1
SPBC1718.07c	3483454	3484668	-1
SPBPB7E8.01	3494517	3496226	1
SPBPB7E8.02	3499132	3501381	1
SPBC1105.01	3502416	3505505	1
SPBC1105.02c	3506051	3507307	-1
SPBC1105.03c	3508286	3508933	-1
SPBC1105.19	3509703	3509903	-1
SPBC1105.04c	3510771	3512339	-1
SPBC1105.05	3515138	3516361	1
SPBC1105.06	3517489	3518208	1
SPBC1105.07c	3518466	3520004	-1
SPBC1105.08	3520361	3522398	1
SPBC1105.09	3522875	3523684	1
SPBC1105.10	3524673	3528681	1
SPBC1105.11c	3529119	3529529	-1
SPBC1105.12	3529767	3530078	1
SPBC1105.14	3532931	3534844	1
SPBC1105.13c	3531760	3532188	-1
SPBC1105.15c	3535403	3536305	-1
SPBC887.22	3537089	3537425	1
SPBC1105.16c	3537560	3537883	-1
SPBC1105.17	3538601	3538963	1
SPBC1105.18c	3539204	3539692	-1
SPBC887.01	3540222	3540758	1
SPBC887.02	3541262	3543516	1
SPBC887.03c	3543670	3545958	-1
SPBC887.04c	3546238	3548505	-1
SPBC887.05c	3549138	3549881	-1
SPBC887.06c	3550020	3550635	-1
SPBC887.07	3551318	3551834	1
SPBC887.08	3552118	3552550	1
SPBC887.09c	3552822	3555482	-1
SPBC887.10	3557274	3558842	1
SPBC887.11	3559396	3560788	1
SPBC887.12	3561887	3565663	1
SPBC887.13c	3565824	3567187	-1
SPBC887.14c	3567730	3570188	-1
SPBC887.15c	3571380	3572261	-1
SPBC887.16	3574921	3575250	1
SPBC887.17	3576032	3577909	1
SPBC887.18c	3578225	3579455	-1
SPBC887.19	3580335	3581918	1
SPBC418.01c	3582095	3583826	-1
SPBC418.02	3585259	3587346	1
SPBC16D10.01c	3587478	3588488	-1
SPBC16D10.02	3588806	3590386	1
SPBC16D10.03	3591166	3592246	1
SPBC16D10.04c	3592359	3596692	-1
SPBC16D10.05	3597571	3604687	1
SPBC16D10.06	3607890	3609116	1
SPBC16D10.07c	3609646	3611556	-1
SPBC16D10.08c	3612359	3615076	-1
SPBC16D10.09	3616685	3617578	1
SPBC16D10.10	3618117	3619540	1
SPBC16D10.11c	3619838	3620448	-1
SPBC317.01	3626639	3627757	1
SPBP8B7.32	3630377	3630601	1
SPBP8B7.01c	3634100	3634525	-1
SPBP8B7.02	3635445	3636230	1
SPBP8B7.03c	3636555	3637646	-1
SPBP8B7.04	3638440	3640941	1
SPBP8B7.05c	3641216	3642202	-1
SPBP8B7.06	3643189	3643584	1
SPBP8B7.07c	3643818	3645442	-1
SPBP8B7.08c	3645659	3646749	-1
SPBP8B7.09c	3647145	3650081	-1
SPBP8B7.10c	3650627	3651820	-1
SPBP8B7.11	3652307	3653795	1
SPBP8B7.12c	3654474	3655136	-1
SPBP8B7.13	3655545	3656375	1
SPBP8B7.14c	3656886	3658752	-1
SPBP8B7.15c	3660173	3661621	-1
SPBP8B7.16c	3662854	3665301	-1
SPBP8B7.17c	3665868	3667388	-1
SPBP8B7.18c	3668063	3669718	-1
SPBP8B7.20c	3674751	3676577	-1
SPBP8B7.19	3671459	3674518	1
SPBP8B7.21	3677713	3679289	1
SPBP8B7.22	3680026	3680756	1
SPBP8B7.23	3682061	3684082	1
SPBP8B7.24c	3684653	3685265	-1
SPBP8B7.25	3685901	3686599	1
SPBP8B7.26	3687124	3687966	1
SPBP8B7.27	3688539	3691006	1
SPBP8B7.28c	3691201	3691848	-1
SPBP8B7.29	3692563	3694719	1
SPBP8B7.30c	3695121	3697694	-1
SPBP8B7.31	3698333	3699037	1
SPBC19F5.01c	3699573	3700652	-1
SPBC19F5.02c	3703742	3705874	-1
SPBC19F5.03	3706732	3708528	1
SPBC19F5.04	3709272	3711202	1
SPBC19F5.05c	3711604	3713619	-1
SPBC25D12.02c	3715200	3717051	-1
SPBC25D12.03c	3717638	3719920	-1
SPBC25D12.04	3721755	3722930	1
SPBC25D12.05	3723383	3725029	1
SPBC25D12.06	3725370	3727127	1
SPBC13G1.14c	3727332	3728176	-1
SPBC13G1.01c	3728252	3729288	-1
SPBC13G1.02	3729817	3731224	1
SPBC13G1.03c	3731432	3732352	-1
SPBC13G1.04c	3732806	3733762	-1
SPBC13G1.05	3734792	3736904	1
SPBC13G1.06c	3737080	3737467	-1
SPBC13G1.07	3737657	3738727	1
SPBC13G1.08c	3738975	3740933	-1
SPBC13G1.15c	3741441	3741776	-1
SPBC13G1.09	3742426	3743818	1
SPBC13G1.10c	3744068	3749875	-1
SPBC13G1.11	3750169	3750810	1
SPBC13G1.16	3751472	3751660	-1
SPBC13G1.12	3752361	3753394	1
SPBC13G1.13	3754070	3755458	1
SPBC31F10.02	3755933	3756418	1
SPBC31F10.03	3756657	3757268	1
SPBC31F10.04c	3757531	3759284	-1
SPBC31F10.05	3759893	3760616	1
SPBC31F10.06c	3760951	3761829	-1
SPBC31F10.07	3763170	3764084	1
SPBC31F10.09c	3765847	3766281	-1
SPBC31F10.08	3764820	3765709	1
SPBC31F10.10c	3767253	3768977	-1
SPBC31F10.11c	3771033	3773057	-1
SPBC31F10.12	3773308	3774212	1
SPBC31F10.13c	3774357	3777350	-1
SPBC31F10.14c	3777778	3782670	-1
SPBC31F10.15c	3784187	3784462	-1
SPBC31F10.16	3785848	3788046	1
SPBC31F10.17c	3788317	3788799	-1
SPBC21C3.01c	3789386	3798703	-1
SPBC21C3.02c	3799531	3801006	-1
SPBC21C3.03	3802197	3804330	1
SPBC21C3.04c	3804575	3804901	-1
SPBC21C3.05	3805802	3806834	1
SPBC21C3.06	3807090	3807458	1
SPBC21C3.07c	3807714	3808795	-1
SPBC21C3.08c	3809411	3810727	-1
SPBC21C3.09c	3811374	3812188	-1
SPBC21C3.10c	3812462	3813268	-1
SPBC21C3.11	3815525	3816802	1
SPBC21C3.12c	3817041	3817415	-1
SPBC21C3.13	3818298	3818888	1
SPBC21C3.14c	3819384	3821909	-1
SPBC21C3.15c	3822568	3824136	-1
SPBC21C3.16c	3824636	3824953	-1
SPBC21C3.17c	3825604	3826214	-1
SPBC21C3.18	3827178	3828849	1
SPBC21C3.19	3830167	3830487	1
SPBC21C3.20c	3831197	3834493	-1
SPBC23E6.01c	3835843	3837264	-1
SPBC23E6.02	3839637	3842759	1
SPBC23E6.03c	3842842	3843748	-1
SPBC23E6.04c	3844447	3849396	-1
SPBC23E6.05	3850011	3851437	1
SPBC23E6.06c	3851754	3852459	-1
SPBC23E6.07c	3852962	3855942	-1
SPBC23E6.08	3856354	3858296	1
SPBC23E6.09	3863505	3866813	1
SPBC23E6.10c	3867522	3868601	-1
SPBC211.01	3870293	3871045	1
SPBC211.02c	3871208	3873638	-1
SPBC211.03c	3875452	3879840	-1
SPBC211.04c	3880318	3882996	-1
SPBC211.05	3883221	3883595	1
SPBC211.06	3883933	3885666	1
SPBC211.07c	3886012	3886566	-1
SPBC211.08c	3887467	3888278	-1
SPBC1604.21c	3888696	3891900	1
SPBC1604.25	3892255	3892574	1
SPBC1604.20c	3893201	3895087	1
SPBC1604.19c	3895410	3897386	1
SPBC1604.18c	3898096	3899549	1
SPBC1604.17c	3900047	3901542	1
SPBC1604.15	3902420	3904057	-1
SPBC1604.16c	3901632	3902231	1
SPBC1604.14c	3905082	3907058	1
SPBC1604.13c	3908138	3908449	1
SPBC1604.12	3908893	3911475	-1
SPBC1604.11	3912167	3912509	-1
SPBC1604.10	3913050	3913612	-1
SPBC1604.09c	3914696	3915552	1
SPBC1604.08c	3916626	3918245	1
SPBC1604.07	3918769	3919547	-1
SPBC1604.06c	3920073	3921530	1
SPBC1604.05	3921802	3923454	-1
SPBC1604.04	3924320	3925310	-1
SPBC1604.03c	3927014	3928006	1
SPBC1604.02c	3928423	3930516	1
SPBC1604.01	3930792	3933113	-1
SPBC1677.02	3935144	3935481	1
SPBC1677.03c	3935864	3937666	-1
SPBC26H8.01	3940574	3941560	1
SPBC26H8.02c	3942485	3943744	-1
SPBC26H8.03	3946061	3948778	1
SPBC26H8.04c	3949185	3953675	-1
SPBC26H8.05c	3954715	3955929	-1
SPBC26H8.06	3957504	3958238	1
SPBC26H8.13c	3960642	3961100	-1
SPBC26H8.14c	3961943	3962279	-1
SPBC26H8.16	3963243	3963615	-1
SPBC26H8.07c	3964276	3965924	-1
SPBC26H8.08c	3966700	3968155	-1
SPBC26H8.09c	3968556	3970103	-1
SPBC26H8.10	3970969	3974045	1
SPBC26H8.11c	3974366	3974893	-1
SPBC26H8.12	3976841	3977974	1
SPBC32C12.02	3985586	3986992	1
SPBC32C12.03c	3988015	3989286	-1
SPBC3B9.01	3990667	3991530	1
SPBC3B9.02c	3991692	3992837	-1
SPBC3B9.03	3993457	3995356	1
SPBC3B9.04	3995638	3996384	1
SPBC3B9.21	3996671	3997315	1
SPBC3B9.05	3997671	3998260	1
SPBC3B9.06c	3998786	3999699	-1
SPBC3B9.07c	4000537	4001230	-1
SPBC3B9.08c	4001878	4002653	-1
SPBC3B9.09	4003312	4004715	1
SPBC3B9.10	4004957	4006028	1
SPBC3B9.22c	4006057	4006334	-1
SPBC3B9.11c	4006857	4008027	-1
SPBC3B9.12	4008184	4008787	1
SPBC3B9.13c	4008796	4009384	-1
SPBC3B9.14c	4009482	4010772	-1
SPBC3B9.15c	4011458	4014775	-1
SPBC3B9.16c	4015357	4018767	-1
SPBC3B9.17	4020309	4020995	1
SPBC3B9.18c	4021202	4021622	-1
SPBC3B9.19	4022547	4023218	1
SPBC215.01	4024572	4027076	1
SPBC215.03c	4028117	4029559	-1
SPBC215.02	4027418	4028044	1
SPBC215.04	4030555	4030862	1
SPBC215.05	4035814	4036971	1
SPBC215.06c	4038119	4038752	-1
SPBC215.07c	4039416	4041122	-1
SPBC215.08c	4041736	4045218	-1
SPBC215.09c	4045979	4047226	-1
SPBC215.10	4049179	4050087	1
SPBC215.11c	4050462	4051382	-1
SPBC215.12	4052601	4055696	1
SPBC215.13	4056168	4057772	1
SPBC215.14c	4058394	4059074	-1
SPBC215.15	4060033	4061002	1
SPBC1347.01c	4061351	4064158	-1
SPBC1347.02	4064557	4065642	1
SPBC1347.03	4066294	4067342	1
SPBC1347.04	4068030	4069073	1
SPBC1347.05c	4069285	4070665	-1
SPBC1347.06c	4071711	4073134	-1
SPBC1347.07	4073591	4074716	1
SPBC1347.08c	4074840	4075721	-1
SPBC1347.09	4077450	4078304	1
SPBC1347.10	4079439	4081220	1
SPBC1347.11	4082207	4082527	1
SPBC1347.14c	4082279	4082644	-1
SPBC1347.12	4083937	4085227	1
SPBC1347.13c	4085349	4086438	-1
SPBC56F2.12	4086879	4088093	-1
SPBC56F2.11	4089279	4090826	-1
SPBC56F2.10c	4092328	4093451	1
SPBC56F2.09c	4094648	4095895	1
SPBC56F2.08c	4096945	4098930	1
SPBC56F2.07c	4100581	4103010	1
SPBC56F2.15	4103472	4103759	-1
SPBC56F2.06	4104214	4105449	-1
SPBC56F2.05c	4111501	4112694	1
SPBC56F2.04	4113062	4120692	-1
SPBC56F2.03	4121486	4122628	-1
SPBC56F2.02	4123139	4123720	-1
SPBC56F2.01	4124173	4125581	-1
SPBC56F2.14	4125883	4126258	1
SPBC1861.01c	4126370	4128568	-1
SPBC1861.02	4131702	4133285	1
SPBC1861.03	4133719	4135890	1
SPBC1861.04c	4135981	4139207	-1
SPBC1861.05	4140551	4142794	1
SPBC1861.06c	4142843	4144144	-1
SPBC1861.07	4144684	4145098	1
SPBC1861.08c	4145289	4146063	-1
SPBC1861.09	4147656	4149236	1
SPBC14F5.01	4149764	4150600	1
SPBC14F5.02	4151559	4153193	1
SPBC14F5.03c	4153391	4156594	-1
SPBC14F5.04c	4158172	4159416	-1
SPBC14F5.05c	4162528	4163676	-1
SPBC14F5.06	4164659	4166877	1
SPBC14F5.07	4167588	4171485	1
SPBC14F5.08	4172642	4173838	1
SPBC14F5.09c	4173999	4175447	-1
SPBC14F5.10c	4176252	4177712	-1
SPBC14F5.11c	4178610	4180488	-1
SPBC14F5.12c	4180866	4182410	-1
SPBC14F5.13c	4182792	4184524	-1
SPBC3F6.01c	4185473	4186894	-1
SPBC3F6.02c	4187707	4188729	-1
SPBC3F6.03	4189967	4191234	1
SPBC3F6.04c	4191623	4194157	-1
SPBC3F6.05	4196295	4199747	1
SPBC342.01c	4200076	4201702	-1
SPBC342.02	4203417	4205852	1
SPBC342.03	4206247	4207617	1
SPBC342.04	4208298	4209279	1
SPBC342.05	4211087	4213423	1
SPBC342.06c	4213640	4214749	-1
SPBC16G5.01	4215006	4215869	1
SPBC16G5.02c	4216147	4217103	-1
SPBC16G5.03	4218674	4219480	1
SPBC16G5.04	4219903	4220418	1
SPBC16G5.05c	4220945	4222366	-1
SPBC16G5.06	4223177	4223869	1
SPBC16G5.07c	4224140	4225342	-1
SPBC16G5.08	4227286	4228350	1
SPBC16G5.09	4228817	4230463	1
SPBC16G5.10	4231953	4232949	1
SPBC16G5.11c	4233197	4233784	-1
SPBC16G5.12c	4233935	4236137	-1
SPBC16G5.13	4237222	4237602	1
SPBC16G5.14c	4238325	4239326	-1
SPBC16G5.15c	4240442	4242662	-1
SPBC16G5.16	4244000	4246860	1
SPBC16G5.17	4247818	4249500	1
SPBC16G5.18	4250067	4251341	1
SPBC16G5.19	4251907	4252224	1
SPBC1652.01	4253265	4254440	1
SPBC1652.02	4256509	4258293	1
SPBC16A3.19	4260349	4261319	-1
SPBC16A3.18	4262473	4263945	-1
SPBC16A3.17c	4265559	4267358	1
SPBC16A3.16	4267784	4268090	-1
SPBC16A3.15c	4268991	4270448	1
SPBC16A3.14	4271131	4271937	-1
SPBC16A3.13	4272341	4274665	-1
SPBC16A3.12c	4275257	4276888	1
SPBC16A3.11	4276973	4279591	-1
SPBC16A3.10	4279996	4281525	-1
SPBC16A3.09c	4282154	4283513	1
SPBC16A3.08c	4283938	4285122	1
SPBC16A3.07c	4286042	4287070	1
SPBC16A3.06	4287361	4288668	-1
SPBC16A3.05c	4288945	4290472	1
SPBC16A3.04	4291026	4291688	-1
SPBC16A3.03c	4293597	4295573	1
SPBC16A3.02c	4297584	4298627	1
SPBC16A3.01	4299042	4300569	-1
SPBC543.02c	4301185	4302615	-1
SPBC543.03c	4303141	4305367	-1
SPBC543.04	4306029	4307851	1
SPBC543.05c	4308056	4309824	-1
SPBC543.06c	4310239	4311756	-1
SPBC543.07	4312763	4313854	1
SPBC543.08	4314488	4315240	1
SPBC543.09	4316288	4318609	1
SPBC543.10	4318947	4319603	1
SPBC16C6.01c	4320120	4321541	-1
SPBC16C6.14	4322221	4322622	-1
SPBC16C6.02c	4322829	4332028	-1
SPBC16C6.03c	4332356	4333123	-1
SPBC16C6.04	4334150	4335202	1
SPBC16C6.05	4335619	4336244	1
SPBC16C6.06	4337012	4341452	1
SPBC16C6.07c	4341801	4343368	-1
SPBC16C6.08c	4344557	4345430	-1
SPBC16C6.09	4346652	4348988	1
SPBC16C6.10	4349995	4351174	1
SPBC16C6.11	4351896	4352279	1
SPBC16C6.12c	4352663	4354075	-1
SPBC16C6.13c	4354568	4357020	-1
SPBC244.02c	4357993	4359459	1
SPBC244.01c	4360640	4362842	1
SPBC1539.01c	4363050	4363682	-1
SPBC1539.02	4364016	4365176	1
SPBC1539.03c	4365385	4366767	-1
SPBC1539.04	4368389	4369414	1
SPBC1539.05	4370000	4372478	1
SPBC1539.06	4372917	4373237	1
SPBC1539.07c	4373675	4375075	-1
SPBC1539.08	4375857	4376810	1
SPBC1539.09c	4377221	4379500	-1
SPBC1539.10	4380486	4381237	1
SPBC1289.01c	4381640	4383541	-1
SPBC1289.02c	4384281	4385557	-1
SPBC1289.03c	4386347	4387316	-1
SPBC1289.04c	4388343	4391153	-1
SPBC1289.05c	4392091	4392610	-1
SPBC1289.06c	4393946	4395436	-1
SPBC1289.07c	4396053	4397099	-1
SPBC1289.08	4397340	4398767	1
SPBC1289.09	4399320	4399991	1
SPBC1289.10c	4400616	4402847	-1
SPBC1289.11	4404561	4405817	1
SPBC1289.12	4405971	4407107	1
SPBC1289.13c	4408061	4409188	-1
SPBC1289.14	4412376	4413350	1
SPBC1289.17	4414657	4418658	1
SPBC1289.15	4421413	4425264	1
SPBC1289.16c	4426235	4428619	-1
SPBC8E4.05c	4430190	4431533	1
SPBC8E4.04	4432418	4433395	-1
SPBC8E4.03	4434367	4435608	-1
SPBC8E4.12c	4441340	4441609	-1
SPBC8E4.02c	4443155	4443544	1
SPBC8E4.01c	4444252	4445970	1
SPBP4G3.02	4447557	4448918	1
SPBP4G3.03	4453078	4453803	1
SPBPB2B2.01	4458010	4459767	1
SPBPB2B2.02	4460559	4461704	1
SPBPB2B2.05	4466754	4467515	1
SPBPB2B2.06c	4469200	4471005	-1
SPBPB2B2.07c	4474145	4474931	-1
SPBPB2B2.08	4476012	4476674	1
SPBPB2B2.09c	4479110	4480162	-1
SPBPB2B2.10c	4482569	4483678	-1
SPBPB2B2.11	4484059	4485156	1
SPBPB2B2.12c	4485277	4487418	-1
SPBPB2B2.13	4488491	4490050	1
SPBPB2B2.14c	4492580	4493322	-1
SPBPB2B2.15	4496373	4496984	1
SPBPB2B2.16c	4497937	4499394	-1
SPBPB2B2.17c	4501956	4502396	-1
SPBPB2B2.18	4502692	4503664	1
SPBPB2B2.19c	4503910	4504944	-1
SPBCPT2R1.01c	4506606	4507473	-1
SPBCPT2R1.02	4508450	4508809	1
SPBCPT2R1.03	4512231	4512620	1
SPBCPT2R1.04c	4513701	4514601	-1
SPBCPT2R1.08c	4526885	4532644	1
